numpregunta,respuestas,ai
9,En su razonamiento para resolver el problema,0
7,"Amabilidad, dedicación ",0
4,"La defino como una unidad de medida estándar de tiempo, se usa en cronómetros y cualquier cosa que necesite ser medida en tiempo.",0
2,"El cambio de distancia en un intervalo de tiempo, con una dirección en el espacio.",0
9,"De que tenga compromiso de estudiar y que sea honesto con lo que entienda de las clases y que si en caso de que no haya entendido, pregunte o busque por otro medio ",0
6,"Pienso que son programas sin sentido ya que al intentar mostrarnos algo realístico muestran exageraciones o cosas completamente falsas por buscar entretener a la audiencia. No son exactamente malos, pero no deberían considerarse realidades, o cosas a aspirar, sino se debería ver como solo entretenimiento.",0
6,no se que es eso.,0
8,"Debe de tener muy buenas calificaciones, proyectos extracurriculares, ser una persona amable, dispuesta a ayudar a sus compañeros.",0
6,Los realities televisivos son lo peor que le pudo pasar a la humanidad ya que solo buscan rating a cambio de transmitir contenido basura para contentar a las masas y distraerlas de temas más importantes.,0
0,"3 poderes. legislativo, judicial y ejecutivo",0
4,1 segundo es lo que se tarda un isotopo de ub elemento radioactivo en especifico (no me acuerfo cual) en transicionar (no me acuerdo cual) y se usa como la base para medir tiempo,0
1,"Descubrimiento de América, me imagino que para mexico y toda america marca el momento en que la civilización logra evolucionar con la introducción de una nueva cultura y costumbres.",0
8,"Ser aplicado en sus materias en general, y ser dispuesto para aprender.",0
3,La distancia que se tarda un haz de luz en el vacio en un tiempo especifico de tiempo (tampoco me acuerdo que fraccion de segundo es) se usa para nedir distancia ,0
8,"Ser responsable, dedicado y constante ",0
0,"Poder ejecutivo
Poder legislativo 
Poder judicial",0
2,La distancia que recorre en cierto tiempo ,0
2,La velocidad es la distancia que recorre un objeto dividido entre el tiempo que le toma recorrer dicha distancia V = d/t donde d= distancia y t= tiempo,0
2,Por medio de una formula supongo,0
8,Lo que debe de realizar un estudiante para ser considerado un estudiante modelo es obtener excelentes calificaciones en todos los cursos que lleve al igual que incluirse en actividades cocurriculares y extracurriculares que contribuyan a un aprendizaje integral de todos los temas.,0
0,"En poder judicial, ejecutivo y legislativo.",0
4,Unidad de medición de tiempo,0
8,Dedicación y disciplina,0
1,Ni idea,0
4,"El tiempo nos permite saber que existimos, sin él, ¿realmente estamos aquí?",0
7,"Lo que debe de realizar un profesor para ser considerado un profesor modelo es dedicar tiempo a su vocación. Si un profesor dedica tiempo a la vocación de enseñar y se preocupa por llevar el conocimiento a sus estudiantes de forma dinámica, motivadora y precisa, es un buen profesor.",0
5,Tener buen sabor,0
4,El segundo es la forma en que se mide el tiempo.,0
9,Su dominancia del tema combinado con cumplir obligaciones,0
3,sirve para medir una longitud,0
3,"El metro es una unidad de medida de longitud que se utiliza para medir la distancia entre dos puntos. Se define como la longitud de la trayectoria recorrida por la luz en el vacío durante un tiempo determinado. El metro se utiliza en diferentes campos, como la física, la ingeniería, la construcción y la geografía, entre otros. Es una medida universalmente aceptada y se utiliza en casi todos los países del mundo.",1
4,"El segundo es la unidad de tiempo que se define como la duración de 9,192,631,770 períodos de la radiación correspondiente a la transición entre los dos niveles hiperfinos del estado fundamental del átomo de cesio 133. Se usa en la física, la química y otras ramas de la ciencia para medir periodos de tiempo cortos y precisos, así como en la tecnología para sincronizar dispositivos electrónicos.",1
8,"Un buen estudiante debe poseer una actitud positiva hacia el aprendizaje, ser responsable y esforzarse en su rendimiento académico. Debe estar comprometido en las actividades escolares, hacer preguntas y participar activamente en clases. Además, debe tener una buena organización y gestión del tiempo, ser puntual, respetuoso con sus compañeros y profesores y mostrar interés en aprender constantemente, aportando ideas originales y contribuyendo al desarrollo de la clase.",1
6,"Como modelo de inteligencia artificial, no tengo emociones ni opiniones. Pero puedo decirte que los realities televisivos son una forma muy popular de entretenimiento en muchos países, ya que atraen a una amplia audiencia y son una forma efectiva para que las empresas hagan publicidad de sus productos. Sin embargo, también existe un debate acerca de la ética detrás de estos programas, especialmente en cuanto a la exposición y la explotación de los participantes.",1
6,"Como modelo de inteligencia artificial, no tengo opinión. Pero puedo proporcionar algunos puntos de vista al respecto. Algunas personas creen que los realities son una forma interesante de entretenimiento y de conocer la vida cotidiana de algunas personas. Otros, en cambio, los ven como programas que fomentan la superficialidad y la falta de valores. En cualquier caso, lo importante es que cada uno pueda elegir libremente lo que quiere ver en la televisión y hacer un uso inteligente de su tiempo libre.",1
3,"El metro es una unidad de medida utilizada en la medición de longitud en el sistema métrico, y se define como la distancia que recorre la luz en el vacío durante 1/299,792,458 segundos. El metro se usa comúnmente para medir la longitud y el tamaño de objetos y distancias cortas o medianas, como edificios, carreteras y terrenos. Además, el metro es la unidad principal en la medición de velocidad y aceleración.",1
0,"El gobierno mexicano a nivel nacional se compone de tres poderes: el ejecutivo, encabezado por el presidente; el legislativo, integrado por una cámara de diputados y una de senadores; y el judicial, compuesto por diversos tribunales y juzgados. El presidente es elegido mediante votación popular y su mandato dura seis años. Tanto el legislativo como el judicial tienen la tarea de controlar y equilibrar el poder del ejecutivo.",1
4,"Un segundo se define como la duración de 9,192,631,770 períodos de la radiación emitida por el átomo de cesio-133. Es la unidad de tiempo básica del Sistema Internacional de Unidades y se utiliza en diversas áreas como la física, la tecnología, la medición del tiempo en el día a día y en la industria. También es utilizada en la determinación del tiempo en la navegación, la aviación, la astronomía y en otros campos.",1
9,"La calificación de un estudiante en un curso de ciencias (física, química, matemáticas) debe depender de varios factores, entre ellos su rendimiento académico en los exámenes y trabajos, su participación y esfuerzo en clase, su capacidad para aplicar los conceptos aprendidos en situaciones prácticas y su actitud hacia el aprendizaje y la mejora continua. También puede tenerse en cuenta el progreso que ha logrado el alumno a lo largo del curso y su capacidad de trabajar en equipo y cooperar con los demás estudiantes.",1
2,"La velocidad de un objeto en movimiento se define como la distancia que recorre el objeto en un período de tiempo determinado. La velocidad se expresa en unidades de medida de longitud por unidad de tiempo, como kilómetros por hora (km/h) o metros por segundo (m/s). Se puede medir la velocidad de un objeto utilizando diferentes métodos, como un velocímetro o un radar, y se puede calcular utilizando la ecuación de velocidad: velocidad = distancia / tiempo.",1
0,"El gobierno mexicano a nivel nacional se compone de tres poderes: el ejecutivo, el legislativo y el judicial. El ejecutivo está encabezado por el presidente de la República y es responsable de la administración del país. El legislativo está formado por el Senado y la Cámara de Diputados, los cuales tienen la función de crear y aprobar leyes. El judicial está conformado por diversos tribunales y jueces que tienen la responsabilidad de juzgar y aplicar la ley en casos penales, civiles y laborales.",1
5,"Un pastel para ser considerado delicioso necesita tener una combinación perfecta entre sus ingredientes, además de una textura suave y esponjosa que se derrita en la boca. También es importante que tenga un sabor agradable y un aroma apetecible. El dulzor debe ser equilibrado y no abrumador, y si tiene algún topping o decoración, debe ser de buena calidad y complementar el sabor del pastel. En resumen, un pastel delicioso es aquel que, al probarlo, te hace querer seguir comiendo.",1
6,"Como modelo de inteligencia artificial, no tengo la capacidad de tener opiniones ni emociones. Sin embargo, en términos generales, se puede decir que los realities televisivos han obtenido un gran éxito de audiencia en el mundo entero. Aunque hay opiniones encontradas sobre su efecto en la sociedad, algunos consideran que estos programas representan una forma de entretenimiento superficial y otros argumentan que ofrecen una representación más realista de la vida cotidiana.",1
2,"La velocidad de un objeto en movimiento se define como la rapidez que este objeto tiene al cambiar de posición en un tiempo determinado. Esta medida se obtiene al dividir la distancia recorrida por el tiempo transcurrido. Esta velocidad se puede expresar en diferentes unidades, como metros por segundo, kilómetros por hora o millas por hora, dependiendo del sistema de medición utilizado. La velocidad puede ser constante o variar durante el movimiento, lo que se conoce como aceleración.",1
0,"El gobierno mexicano a nivel nacional está compuesto por tres poderes: el Ejecutivo, el Legislativo y el Judicial. El Ejecutivo está encabezado por el Presidente de la República, quien es elegido cada seis años mediante elección directa. El Legislativo está formado por el Congreso de la Unión, que se divide en dos cámaras: el Senado y la Cámara de Diputados. El Judicial, por su parte, está integrado por magistrados, jueces y tribunales que tienen la tarea de garantizar el cumplimiento de las leyes.",1
4,"La unidad de medida de un segundo se define como la duración de 9.192.631.770 vibraciones del átomo de cesio-133. Esta se utiliza principalmente para medir el tiempo en diversas aplicaciones y campos, como en la física, la tecnología, la aviación, la navegación y en la industria de relojería, entre otros. También se utiliza en experimentos científicos para medir con precisión el tiempo de reacciones químicas, así como en la medicina para medir la frecuencia cardíaca y el tiempo de tratamiento de algunas enfermedades.",1
7,"Un buen profesor debería ser una persona con pasión por la enseñanza y el aprendizaje, que se esfuerza por transmitir ese entusiasmo a sus estudiantes. Debe ser accesible y dispuesto a ayudar, fomentar la participación activa y crear un ambiente de aprendizaje seguro y respetuoso. Además, debe ser justo, objetivo y objetivo en sus evaluaciones y tratar a todos los estudiantes con igualdad y equidad. También es importante que se actualice continuamente en su área de especialización y adapte sus métodos de enseñanza a las necesidades de sus alumnos.",1
0,"El gobierno mexicano a nivel nacional está compuesto por tres poderes: el Ejecutivo, encabezado por el Presidente de la República; el Legislativo, formado por el Senado y la Cámara de Diputados; y el Judicial, que se compone de diversas instancias, como la Suprema Corte de Justicia de la Nación. Cada poder tiene sus propias funciones y responsabilidades, y juntos trabajan para gobernar el país. Además, existen diversas instituciones autónomas responsables de temas como la transparencia, la protección de derechos humanos y la fiscalización de los recursos públicos.",1
3,"El metro es la unidad básica de medida de longitud en el Sistema Internacional de Unidades (SI). Se define como la distancia que recorre la luz en el vacío en un intervalo de tiempo de 1/299.792.458 segundos. Esta medida se utiliza para determinar la longitud de objetos, distancias entre dos puntos, altura de edificios, entre otros usos tanto en la ciencia como en la vida cotidiana.",1
0,"El gobierno mexicano a nivel nacional se compone de tres poderes: el Ejecutivo, representado por el presidente de la República; el Legislativo, formado por la Cámara de Diputados y la Cámara de Senadores; y el Judicial, encargado de hacer cumplir las leyes y resolver conflictos. Además, existen órganos autónomos como el Instituto Nacional Electoral y la Comisión Nacional de los Derechos Humanos, y dependencias gubernamentales que implementan políticas públicas en diferentes áreas. El gobierno federal también se divide en estados y municipios, cada uno con su propio gobierno.",1
5,"Para que un pastel sea considerado delicioso, es importante que tenga una textura suave y esponjosa, que se derrita en la boca. Además, debe tener un sabor agradable y equilibrado, que no sea demasiado dulce ni empalagoso. También es importante que tenga un aroma atractivo y apetitoso, que estimule los sentidos. Por último, pero no menos importante, es importante que tenga una presentación atractiva y apetitosa.",1
3,"El metro es una unidad de medida que se utiliza para calcular la longitud o distancia de un objeto. Se define como la distancia recorrida por la luz en el vacío en un espacio de tiempo de 1/299792458 segundos. Se usa en diferentes áreas como la construcción, la ingeniería, la ciencia, la navegación y la cartografía. Es una medida estándar y precisa utilizada en todo el mundo.",1
6,"Como modelo de Inteligencia Artificial, no tengo la capacidad de pensar o tener una opinión propia sobre los realities televisivos ya que me baso en datos y algoritmos programados. Sin embargo, puedo mencionar que estos programas suelen ser muy populares y generan un gran interés entre los espectadores, quienes disfrutan ver a personas comunes y corrientes dentro de situaciones extraordinarias. Algunos argumentan que estos programas tienen un impacto negativo en la calidad de la televisión y en la sociedad, mientras que otros defienden su valor como entretenimiento.",1
8,"Para considerar a un estudiante como modelo o buen estudiante, debería demostrar una actitud positiva hacia el aprendizaje, mostrando interés y esfuerzo en cada una de sus tareas y asignaciones. Además, debería tener una buena asistencia y puntualidad, cumplir con las expectativas académicas y demostrar habilidades para trabajar en equipo y resolver problemas. También debería estar motivado por aprender y buscar siempre mejorar su desempeño académico y personal.",1
9,"La calificación de un estudiante en un curso de ciencias debe depender de su capacidad para comprender los conceptos teóricos y aplicarlos en situaciones prácticas. Además, se considera su participación en clase, la realización de tareas y proyectos, y su capacidad para resolver problemas complejos. También debe tener en cuenta la asistencia y el compromiso del estudiante con el curso. En resumen, la calificación debe ser un reflejo del conocimiento y el esfuerzo del estudiante.",1
7,"Un buen profesor debería tener una sólida formación en su área de conocimiento, ser apasionado por enseñar y transmitir conocimientos a sus estudiantes. También debería ser accesible y estar disponible para sus alumnos, fomentar el trabajo en equipo y la participación activa de los estudiantes, brindar retroalimentación y ser paciente y comprensivo. Un modelo a seguir como profesor debe ser un líder en la enseñanza y motivar a sus alumnos a alcanzar sus metas educativas.",1
9,"La calificación de un estudiante en un curso de ciencias debe depender de su capacidad para comprender y aplicar los conceptos y habilidades aprendidos en el curso. La comprensión debe ser evaluada a través de exámenes, tareas y proyectos, mientras que la aplicabilidad debe ser evaluada a través de la resolución de problemas y experimentos. Además, la participación activa en clase y la asistencia regular también deberían ser consideradas. En resumen, la calificación debe ser un reflejo del rendimiento y el esfuerzo del estudiante en el curso.",1
8,"Para ser considerado como un estudiante modelo o buen estudiante, se debe tener una actitud positiva hacia el aprendizaje y la educación. Esto implica asistir a clases con regularidad, participar activamente en ellas y hacer preguntas cuando se tienen dudas. Además, un buen estudiante debe ser organizado, dedicar suficiente tiempo al estudio y completar las tareas en el plazo asignado. También es importante tener disciplina y responsabilidad, y ser respetuoso tanto con los maestros como con los compañeros de clase.",1
7,"Un buen profesor debe ser alguien apasionado y comprometido con su trabajo. Debe demostrar habilidades para la enseñanza, haciendo que la materia sea más fácil y atractiva para los estudiantes. También debe ser amable, justo, respetuoso y paciente con sus estudiantes. Un buen profesor debe estar disponible para ayudar a los estudiantes y estar dispuesto a escuchar y resolver sus inquietudes. Además, debe fomentar la creatividad y el pensamiento crítico en sus estudiantes y ser un buen ejemplo a seguir en el aula y fuera de ella.",1
7,"Un buen profesor debería tener una buena comunicación con sus estudiantes. Debe ser capaz de explicar la materia de manera clara y responder todas las preguntas. También debería ser justo y tratar a todos los estudiantes por igual. Un buen profesor debe ser visto como un ejemplo a seguir, tener paciencia y ser dedicado a enseñar a los estudiantes y ayudarlos a mejorar en su educación.",1
